simulation_id,seed,timestep,body_count,time,mass_ratio,min_distance,relative_velocity,acceleration,jerk,position_error,velocity_error,total_energy,energy_drift,angular_momentum,angular_momentum_drift
sim_0002_n4_seed44,44,0.001,4,0.0,3.151720423750121,3.2765493733551407,1.0052326232056568,0.9680933943669208,0.36679301033711376,0.0,0.0,-16.89304513237783,0.0,75.51400862158076,0.0
sim_0002_n4_seed44,44,0.001,4,0.05,3.151720423750121,3.2750955041035734,1.0063725208713272,0.966744693316012,0.36232464708324913,2.418734366325929e-09,1.401674556144009e-09,-16.893045115718106,9.861882425507856e-10,75.51400862158076,0.0
sim_0002_n4_seed44,44,0.001,4,0.1,3.151720423750121,3.271020599400782,1.0109063021072422,0.9664813543218009,0.3535088768246583,4.809004525627152e-09,2.76508468731104e-09,-16.893045097828075,2.0452057642541046e-09,75.51400862158079,3.763766478459934e-16
sim_0002_n4_seed44,44,0.001,4,0.15,3.151720423750121,3.2643217988840636,1.0188102400104344,0.967313924535746,0.3441942939480779,7.16919672264471e-09,4.098152405298702e-09,-16.89304507887769,3.166991932723395e-09,75.5140086215808,5.645649717689901e-16
sim_0002_n4_seed44,44,0.001,4,0.2,3.151720423750121,3.254993905250802,1.030044268270316,0.9692662290484216,0.3344342330818585,9.498194208056689e-09,5.410532415921364e-09,-16.89304505898979,4.344275197613789e-09,75.51400862158074,-1.881883239229967e-16
sim_0002_n4_seed44,44,0.001,4,0.25,3.151720423750121,3.243029312395207,1.044554590582556,0.9723763206312729,0.3242844893980033,1.1795453645603776e-08,6.713749871324539e-09,-16.89304503823657,5.572782135076152e-09,75.51400862158076,0.0
sim_0002_n4_seed44,44,0.001,4,0.3,3.151720423750121,3.2284179022768575,1.0622771140398366,0.976697704912385,0.31380228483486,1.406107822042582e-08,8.021316856377002e-09,-16.893045016636716,6.851406113403092e-09,75.51400862158081,7.527532956919868e-16
sim_0002_n4_seed44,44,0.001,4,0.35000000000000003,3.151720423750121,3.2111469090473217,1.0831414391010918,0.9823008660710814,0.31194681160660565,1.6295895973145475e-08,9.348834414482055e-09,-16.893044994152852,8.182359975396807e-09,75.5140086215808,5.645649717689901e-16
sim_0002_n4_seed44,44,0.001,4,0.4,3.151720423750121,3.1912007485949703,1.1070751355844073,0.9892751277363768,0.32531226460447743,1.8501565802170803e-08,1.0714097005344868e-08,-16.893044970688628,9.57134722769059e-09,75.51400862158079,3.763766478459934e-16
sim_0002_n4_seed44,44,0.001,4,0.45,3.151720423750121,3.168560811252647,1.1340080665677574,0.9977308957851403,0.3432456504205741,2.0680687092875007e-08,1.2137205890802805e-08,-16.89304494608576,1.1027737646502481e-08,75.51400862158077,1.881883239229967e-16
sim_0002_n4_seed44,44,0.001,4,0.5,3.151720423750121,3.143205214933013,1.1638765788972327,1.0078023452602194,0.36622624644689944,2.283695963257774e-08,1.3640719359438586e-08,-16.89304492011987,1.2564813335996652e-08,75.51400862158077,1.881883239229967e-16
sim_0002_n4_seed44,44,0.001,4,0.55,3.151720423750121,3.1151085153918254,1.1966274472986083,1.0196506341574259,0.3947589291340588,2.49753652550747e-08,1.5249866189233852e-08,-16.89304489249499,1.4200094492729394e-08,75.51400862158074,-1.881883239229967e-16
sim_0002_n4_seed44,44,0.001,4,0.6,3.151720423750121,3.084241369645605,1.2322215276473922,1.0334677543959399,0.42939250724863176,2.7102417625994393e-08,1.6992859035059038e-08,-16.893044862835776,1.5955800186734415e-08,75.51400862158071,-5.645649717689901e-16
sim_0002_n4_seed44,44,0.001,4,0.65,3.151720423750121,3.050570147754721,1.2706371361852924,1.049481167682685,0.4707473879015933,2.92264817186221e-08,1.8901354129963844e-08,-16.893044830676775,1.7859483065911465e-08,75.51400862158074,-1.881883239229967e-16
sim_0002_n4_seed44,44,0.001,4,0.7000000000000001,3.151720423750121,3.014056487185597,1.3118732218938778,1.0679594250723208,0.5195510204401843,3.13581653970153e-08,2.1011117163283226e-08,-16.893044795447718,1.994490086529951e-08,75.51400862158073,-3.763766478459934e-16
sim_0002_n4_seed44,44,0.001,4,0.75,3.151720423750121,2.9746567827348414,1.3559524389108832,1.0892190392034478,0.5766804181216035,3.351084392559796e-08,2.3362959502972408e-08,-16.893044756452895,2.2253236814487966e-08,75.51400862158069,-9.409416196149834e-16
sim_0002_n4_seed44,44,0.001,4,0.8,3.151720423750121,2.9323216034681847,1.4029242573905756,1.11363297506271,0.6432126702046171,3.570131220149442e-08,2.600403628860459e-08,-16.893044712843327,2.483474696680028e-08,75.51400862158064,-1.5055065913839735e-15
sim_0002_n4_seed44,44,0.001,4,0.85,3.151720423750121,2.8869950262166166,1.4528682786926734,1.1416412595559375,0.7204862506466262,3.7950627857567976e-08,2.898961294976328e-08,-16.89304466357868,2.77510148930482e-08,75.51400862158064,-1.5055065913839735e-15
sim_0002_n4_seed44,44,0.001,4,0.9,3.151720423750121,2.838613872776644,1.505897949215805,1.1737643979182597,0.81017794314488,4.028518848263538e-08,3.238545405484942e-08,-16.893044607375316,3.107802699043659e-08,75.51400862158066,-1.3173182674609768e-15
sim_0002_n4_seed44,44,0.001,4,0.9500000000000001,3.151720423750121,2.787106834951475,1.5621649021503627,1.2106205493700677,0.9144025128031268,4.273809571004009e-08,3.6271045159549275e-08,-16.893044542635085,3.4910387020650836e-08,75.51400862158061,-1.8818832392299668e-15
sim_0002_n4_seed44,44,0.001,4,1.0,3.151720423750121,2.7323934677821926,1.6218642042708904,1.2529477905091733,1.0358452953217716,4.535091935488274e-08,4.0743945298086375e-08,-16.89304446734713,3.936712960668081e-08,75.5140086215806,-2.0700715631529637e-15
sim_0002_n4_seed44,44,0.001,4,1.05,3.151720423750121,2.6743830265509603,1.685240853385302,1.301633336621865,1.1779423057109135,4.81759468039724e-08,4.592572033276905e-08,-16.893044378951913,4.4599769285526414e-08,75.51400862158053,-3.011013182767947e-15
sim_0002_n4_seed44,44,0.001,4,1.1,3.151720423750121,2.6129731171473187,1.7525979715141633,1.3577523828742408,1.3451292701456936,5.1279094319908974e-08,5.197012053349731e-08,-16.89304427414988,5.080362613292928e-08,75.51400862158047,-3.7637664784599335e-15
sim_0002_n4_seed44,44,0.001,4,1.1500000000000001,3.151720423750121,2.5480481218856235,1.8243072839681176,1.4226204042987747,1.5431917031746198,5.474368548907736e-08,5.907450840365119e-08,-16.893044148630448,5.823386918914811e-08,75.51400862158052,-3.1992015066909436e-15
sim_0002_n4_seed44,44,0.001,4,1.2,3.151720423750121,2.479477353533887,1.9008226872075056,1.4978645360941036,1.7797653740802761,5.867541593218031e-08,6.749610045526601e-08,-16.89304399668135,6.722864173880373e-08,75.51400862158054,-2.82282485884495e-15
sim_0002_n4_seed44,44,0.001,4,1.25,3.151720423750121,2.40711287887472,1.9826980227740658,1.5855224115783266,2.0650647344712603,6.320897823195881e-08,7.757547176812935e-08,-16.89304381061743,7.824287372555386e-08,75.51400862158056,-2.6346365349219536e-15
sim_0002_n4_seed44,44,0.001,4,1.3,3.151720423750121,2.330786939447008,2.0706106448752015,1.6881811910818263,2.4129642105847817,6.851707718033532e-08,8.977126667288634e-08,-16.893043579930016,9.189863643906749e-08,75.51400862158057,-2.4464482109989567e-15
sim_0002_n4_seed44,44,0.001,4,1.35,3.151720423750121,2.250308881580878,2.165393083589562,1.809176567256333,2.8426386997687496,7.482300579761155e-08,1.0471260846589386e-07,-16.89304328999558,1.0906158338412622e-07,75.51400862158056,-2.6346365349219536e-15
sim_0002_n4_seed44,44,0.001,4,1.4000000000000001,3.151720423750121,2.1654614920484136,2.2680762110313992,1.952883250611614,3.381113851211372,8.241869755900943e-08,1.232801952662569e-07,-16.893042920071277,1.309596069832078e-07,75.51400862158057,-2.4464482109989567e-15
sim_0002_n4_seed44,44,0.001,4,1.45,3.151720423750121,2.0759966241659185,2.3799490646325334,2.125148473460262,4.067340631437828,9.169143428594503e-08,1.467352472313089e-07,-16.8930424401096,1.5937139856678455e-07,75.5140086215806,-2.0700715631529637e-15
sim_0002_n4_seed44,44,0.001,4,1.5,3.151720423750121,1.9816300034365677,2.5026433080936017,2.3339553969357536,4.958909483371067,1.0316465890979894e-07,1.7693089855028764e-07,-16.893041805559616,1.9693419314530386e-07,75.5140086215806,-2.0700715631529637e-15
sim_0002_n4_seed44,44,0.001,4,1.55,3.151720423750121,1.8820351493351168,2.6382550038716714,2.590467890732821,6.143509406750699,1.1756241814818848e-07,2.166709223568995e-07,-16.893040948634038,2.47660724146258e-07,75.51400862158059,-2.2582598870759602e-15
sim_0002_n4_seed44,44,0.001,4,1.6,3.151720423750121,1.7768365064269267,2.7895243867422232,2.9107308923375306,7.759286928496095,1.3591471134559799e-07,2.7034292679558374e-07,-16.89303976317208,3.1783528110987555e-07,75.51400862158061,-1.8818832392299668e-15
sim_0002_n4_seed44,44,0.001,4,1.6500000000000001,3.151720423750121,1.6656023034357375,2.96010843314118,3.3185443552401512,10.032731337627366,1.59736398795656e-07,3.450878629397578e-07,-16.89303807751,4.176196638437711e-07,75.51400862158064,-1.5055065913839735e-15
sim_0002_n4_seed44,44,0.001,4,1.7,3.151720423750121,1.5478387528573274,3.155006610316264,3.8505378928584086,13.353064147898603,1.9134456223812925e-07,4.5307690539672215e-07,-16.893035604180838,5.640307544229424e-07,75.51400862158067,-1.1291299435379801e-15
sim_0002_n4_seed44,44,0.001,4,1.75,3.151720423750121,1.422990011504242,3.3812479342692607,4.565597848189091,18.427738170430274,2.3445105691027026e-07,6.162268083648314e-07,-16.89303184381253,7.866293610580962e-07,75.51400862158067,-1.1291299435379801e-15
sim_0002_n4_seed44,44,0.001,4,1.8,3.151720423750121,1.2904557388783915,3.6490381122468394,5.563443330069055,26.63197889138134,2.9533812035799774e-07,8.767067160660466e-07,-16.893025899104046,1.1385320782480395e-06,75.51400862158063,-1.69369491530697e-15
sim_0002_n4_seed44,44,0.001,4,1.85,3.151720423750121,1.1496587269425775,3.9737344496252103,7.0237966495740345,40.86181613326179,3.8536467409728286e-07,1.3224874700523864e-06,-16.893016132314408,1.7166865531720106e-06,75.51400862158053,-3.011013182767947e-15
sim_0002_n4_seed44,44,0.001,4,1.9000000000000001,3.151720423750121,1.0002568320096599,4.379283373140043,9.295360733259638,67.79628837066366,5.26772864402861e-07,2.156329975565785e-06,-16.892999738633435,2.6871262130593425e-06,75.51400862158052,-3.1992015066909436e-15
sim_0002_n4_seed44,44,0.001,4,1.95,3.151720423750121,0.8427957257694063,4.9037726731442195,13.11198842246572,124.12636692501174,7.673756270311806e-07,3.906877347498487e-06,-16.892974152945612,4.201695529729689e-06,75.51400862158052,-3.1992015066909436e-15
sim_0002_n4_seed44,44,0.001,4,2.0,3.151720423750121,0.6808252142274677,5.603807981459466,20.111984801282677,249.09718926101476,1.219788803750638e-06,8.179110292666893e-06,-16.892959606849224,5.06276564905156e-06,75.51400862158052,-3.1992015066909436e-15
sim_0002_n4_seed44,44,0.001,4,2.05,3.151720423750121,0.5281149907856393,6.516616601642298,33.43769193565654,462.1889163024538,2.146564227906368e-06,2.093123380765706e-05,-16.893191342035678,-8.655020850506847e-06,75.51400862158054,-2.82282485884495e-15
sim_0002_n4_seed44,44,0.001,4,2.1,3.151720423750121,0.42856628376209394,7.343028374093624,50.77373338227116,565.5382976148856,3.846902823105968e-06,6.52589473051926e-05,-16.894363312948116,-7.803096244386539e-05,75.51400862158054,-2.82282485884495e-15
sim_0002_n4_seed44,44,0.001,4,2.15,3.151720423750121,0.45039491092000056,7.139703065256302,45.96801642595895,553.7985428853892,6.1232604658305255e-06,0.00012562236288263546,-16.893915367938817,-5.151442822587942e-05,75.51400862158056,-2.6346365349219536e-15
sim_0002_n4_seed44,44,0.001,4,2.2,3.151720423750121,0.5748379979307777,6.201408134136769,28.2124905050689,390.8648792037645,9.56136544650198e-06,0.00012592990044240021,-16.893047481278856,-1.3904544793751988e-07,75.51400862158054,-2.82282485884495e-15
sim_0002_n4_seed44,44,0.001,4,2.25,3.151720423750121,0.7333298538333862,5.3537400491405185,17.321691864702224,197.6397751610714,1.3554382844387129e-05,0.00011089914380806586,-16.892958071667408,5.153642208269077e-06,75.51400862158052,-3.1992015066909436e-15
sim_0002_n4_seed44,44,0.001,4,2.3000000000000003,3.151720423750121,0.8946015437624866,4.717638991227816,11.62380042042925,100.85267475961142,1.743891221805485e-05,9.837946521952844e-05,-16.892983301834242,3.66011829731822e-06,75.5140086215805,-3.38738983061394e-15
sim_0002_n4_seed44,44,0.001,4,2.35,3.151720423750121,1.0496198092379567,4.237029995329971,8.428954874682592,56.97559472646406,2.1069385266790053e-05,8.876393543257837e-05,-16.89300595587642,2.3190905549033977e-06,75.5140086215805,-3.38738983061394e-15
sim_0002_n4_seed44,44,0.001,4,2.4,3.151720423750121,1.1962265682142839,3.861056631490543,6.475976959535476,35.305579947725356,2.444246122317824e-05,8.116683012153763e-05,-16.89301981036597,1.498960765189443e-06,75.51400862158052,-3.1992015066909436e-15
sim_0002_n4_seed44,44,0.001,4,2.45,3.151720423750121,1.3342894391780797,3.5569398639124548,5.193194244265058,23.506766926494258,2.7581907817781376e-05,7.496140138991056e-05,-16.893028082669495,1.009273828345075e-06,75.51400862158056,-2.6346365349219536e-15
sim_0002_n4_seed44,44,0.001,4,2.5,3.151720423750121,1.4642673528011076,3.304020428153805,4.301702912816848,16.53643551382688,3.051345848721227e-05,6.975061324832216e-05,-16.893033173289936,7.079296715723661e-07,75.51400862158052,-3.1992015066909436e-15
sim_0002_n4_seed44,44,0.001,4,2.5500000000000003,3.151720423750121,1.5867588851387862,3.0889047277077344,3.654092041988874,12.141125940470213,3.325967463408432e-05,6.52769296454646e-05,-16.893036430987134,5.15087163149861e-07,75.51400862158053,-3.011013182767947e-15
sim_0002_n4_seed44,44,0.001,4,2.6,3.151720423750121,1.7023549326930612,2.902587793580348,3.1667948827137873,9.220969841695986,3.5839388552174546e-05,6.136667843372491e-05,-16.89303859559049,3.8695139258490354e-07,75.51400862158049,-3.575578154536937e-15
sim_0002_n4_seed44,44,0.001,4,2.65,3.151720423750121,1.811593291034861,2.7388013829587865,2.789572287917631,7.196863936244719,3.8268164900057666e-05,5.7898392463459104e-05,-16.89304008303075,2.989009404626696e-07,75.51400862158047,-3.7637664784599335e-15
sim_0002_n4_seed44,44,0.001,4,2.7,3.151720423750121,1.91494894316455,2.5930456906873696,2.490705946834223,5.743937755353046,4.055890180296322e-05,5.478440441646424e-05,-16.8930411356292,2.3659136625369172e-07,75.51400862158043,-4.328331450228924e-15
sim_0002_n4_seed44,44,0.001,4,2.75,3.151720423750121,2.01283675699617,2.462002881053673,2.249332131595167,4.670016635330289,4.2722361559389255e-05,5.1959735856907934e-05,-16.893041899801087,1.9135547890065524e-07,75.51400862158034,-5.457461393766904e-15
sim_0002_n4_seed44,44,0.001,4,2.8000000000000003,3.151720423750121,2.1056179981977348,2.3431696174256658,2.0512430539517577,3.8562242626098397,4.476759709802281e-05,4.937513273524863e-05,-16.893042467085944,1.5777450798239255e-07,75.51400862158033,-5.6456497176899e-15
sim_0002_n4_seed44,44,0.001,4,2.85,3.151720423750121,2.1936074525775173,2.234619365595425,1.8864733949897192,3.2261729530124934,4.670228498246484e-05,4.69925494095448e-05,-16.893042896519468,1.3235377891651303e-07,75.51400862158039,-4.8928964219979134e-15
sim_0002_n4_seed44,44,0.001,4,2.9,3.151720423750121,2.2770800167915226,2.134844150025487,1.7478538358895732,2.729143559786145,4.853298392818497e-05,4.4782132228731896e-05,-16.893043227253706,1.1277564864888512e-07,75.5140086215804,-4.704708098074917e-15
sim_0002_n4_seed44,44,0.001,4,2.95,3.151720423750121,2.356276423300062,2.042646471870468,1.6301121444294755,2.330487812161853,5.0265336167121545e-05,4.27201525649831e-05,-16.89304348591445,9.746397793754018e-08,75.51400862158036,-5.269273069843907e-15
sim_0002_n4_seed44,44,0.001,4,3.0,3.151720423750121,2.4314080763116785,1.9570638050954787,1.5292965719795053,2.0059371016551717,5.1904225527559555e-05,4.0787559411637e-05,-16.893043691023486,8.532235196505021e-08,75.51400862158037,-5.081084745920911e-15
sim_0002_n4_seed44,44,0.001,4,3.0500000000000003,3.151720423750121,2.502661085591891,1.8773148071042864,1.4423955591847337,1.7381119921792205,5.345390271536975e-05,3.8968947577095914e-05,-16.893043855732504,7.557224375842081e-08,75.51400862158036,-5.269273069843907e-15
sim_0002_n4_seed44,44,0.001,4,3.1,3.151720423750121,2.570199613998836,1.8027603533074559,1.367080673327759,1.5143167618407014,5.491808568758181e-05,3.7251811962273695e-05,-16.89304398955722,6.765036137470003e-08,75.51400862158044,-4.140143126305927e-15
sim_0002_n4_seed44,44,0.001,4,3.15,3.151720423750121,2.6341686520036376,1.7328749199871138,1.3015290135291835,1.325108496467564,5.6300040996433665e-05,3.5626003772288506e-05,-16.893044099503253,6.114200057527303e-08,75.51400862158043,-4.328331450228924e-15
sim_0002_n4_seed44,44,0.001,4,3.2,3.151720423750121,2.6946963189969977,1.667225345822993,1.244298113488008,1.1633464527701913,5.760265053741217e-05,3.4083332924310575e-05,-16.89304419081271,5.573684979986798e-08,75.51400862158047,-3.7637664784599335e-15
sim_0002_n4_seed44,44,0.001,4,3.25,3.151720423750121,2.7518957754183306,1.6054549639711173,1.1942362883792534,1.0235468999532866,5.882846708101761e-05,3.261727922029274e-05,-16.893044267469172,5.1199097019934916e-08,75.51400862158052,-3.1992015066909436e-15
sim_0002_n4_seed44,44,0.001,4,3.3000000000000003,3.151720423750121,2.805866814985553,1.5472717236469797,1.1504173905352526,0.9014368278186214,5.997976120167383e-05,3.1222786879306614e-05,-16.893044332545237,4.734685694626422e-08,75.51400862158049,-3.575578154536937e-15
sim_0002_n4_seed44,44,0.001,4,3.35,3.151720423750121,2.856697193636802,1.4924393366943236,1.112092681603191,0.7936399734430928,6.10585616780422e-05,2.9896125148543356e-05,-16.893044388445567,4.403778334464649e-08,75.51400862158043,-4.328331450228924e-15
sim_0002_n4_seed44,44,0.001,4,3.4,3.151720423750121,2.9044637413794994,1.4407707652606092,1.0786549094626536,0.6974528540746677,6.206669105846818e-05,2.8634803238990753e-05,-16.89304443707919,4.115886939102711e-08,75.51400862158042,-4.5165197741519204e-15
sim_0002_n4_seed44,44,0.001,4,3.45,3.151720423750121,2.9492332948868842,1.3921235570962,1.0496112230275254,0.6106836613701979,6.300579781798709e-05,2.7437531587013976e-05,-16.89304447998368,3.8619097045995654e-08,75.51400862158033,-5.6456497176899e-15
sim_0002_n4_seed44,44,0.001,4,3.5,3.151720423750121,2.991063482093721,1.3463966632575801,1.0245625787044155,0.6209576886420288,6.38773863970521e-05,2.6304223869063892e-05,-16.893044518414992,3.634411861897289e-08,75.51400862158034,-5.457461393766904e-15
sim_0002_n4_seed44,44,0.001,4,3.5500000000000003,3.151720423750121,3.0300033849267205,1.3035284563284257,1.003187977071299,0.6557318799346882,6.468284628501047e-05,2.523603544170825e-05,-16.89304455341403,3.427231710044667e-08,75.5140086215804,-4.704708098074917e-15
sim_0002_n4_seed44,44,0.001,4,3.6,3.151720423750121,3.0660941024052724,1.2634957159194582,0.9852323332679441,0.6923801454295652,6.542348139341806e-05,2.423543393245809e-05,-16.893044585855954,3.2351886269416776e-08,75.51400862158033,-5.6456497176899e-15
sim_0002_n4_seed44,44,0.001,4,3.65,3.151720423750121,3.099369233453875,1.226313367943916,0.9704971021208653,0.7310808883406981,6.610054094205579e-05,2.330629635663235e-05,-16.89304461648766,3.053861301354799e-08,75.51400862158034,-5.457461393766904e-15
sim_0002_n4_seed44,44,0.001,4,3.7,3.151720423750121,3.1298552967171,1.192034758075176,0.9588329947470421,0.7720752641711384,6.671525331033792e-05,2.2454024061649502e-05,-16.893044645957858,2.8794096455491273e-08,75.51400862158032,-5.833838041612897e-15
sim_0002_n4_seed44,44,0.001,4,3.75,3.151720423750121,3.1575721033391115,1.1607522098309286,0.9501342657637716,0.8156914517526578,6.726886449010601e-05,2.168566175371215e-05,-16.89304467484186,2.7084280225273305e-08,75.51400862158027,-6.398403013381887e-15
sim_0002_n4_seed44,44,0.001,4,3.8000000000000003,3.151720423750121,3.1825330979790776,1.1325975664084524,0.9443341364018097,0.8623746519877787,6.776268311563688e-05,2.1009999850719764e-05,-16.89304470366536,2.537804551120449e-08,75.51400862158026,-6.586591337304884e-15
sim_0002_n4_seed44,44,0.001,4,3.85,3.151720423750121,3.204745683232358,1.107742347804042,0.9414009579656967,0.9127221112513153,6.819813446451358e-05,2.043763132768495e-05,-16.893044732929887,2.3645703794685676e-08,75.51400862158027,-6.398403013381887e-15
sim_0002_n4_seed44,44,0.001,4,3.9,3.151720423750121,3.2242115430997607,1.0863970807989467,0.9413347154884302,0.9675207587054175,6.857682635099158e-05,1.9980927384221217e-05,-16.893044763143486,2.185718085537857e-08,75.51400862158029,-6.210214689458891e-15
sim_0002_n4_seed44,44,0.001,4,3.95,3.151720423750121,3.166157487880629,3.008336238104556,0.9441634217462308,1.0277823812735827,6.890063047440511e-05,1.965389492088222e-05,-16.893044794861297,1.997961465274094e-08,75.51400862158027,-6.398403013381887e-15
sim_0002_n4_seed44,44,0.001,4,4.0,3.151720423750121,3.0620397729426383,3.0557068841650903,0.9499388522072865,1.094767582050137,6.917178340119798e-05,1.9471888609765696e-05,-16.893044828740013,1.7974131540879785e-08,75.51400862158032,-5.833838041612897e-15
sim_0002_n4_seed44,44,0.001,4,4.05,3.151720423750121,2.958333753358827,3.103909494259217,0.9665430710876323,1.1699853958459812,6.939301204516286e-05,1.9451175631675386e-05,-16.893044865611408,1.579149397984278e-08,75.51400862158033,-5.6456497176899e-15
sim_0002_n4_seed44,44,0.001,4,4.1,3.151720423750121,2.855379040280347,3.1527893544929273,1.0004297512996634,1.2551512796476756,6.956768887654278e-05,1.9608390097725084e-05,-16.893044906577703,1.3366454863215238e-08,75.51400862158033,-5.6456497176899e-15
sim_0002_n4_seed44,44,0.001,4,4.15,3.151720423750121,2.753569611814967,3.202174799464472,1.035855188597491,1.3520838037677656,6.97000218245786e-05,1.995995356283237e-05,-16.89304495312945,1.0610779555358554e-08,75.51400862158032,-5.833838041612897e-15
sim_0002_n4_seed44,44,0.001,4,4.2,3.151720423750121,2.65336108952815,3.251869927024025,1.0729707549063734,1.462521590500288,6.979528241927372e-05,2.052155381431867e-05,-16.893045007278328,7.405384852529472e-09,75.51400862158027,-6.398403013381887e-15
sim_0002_n4_seed44,44,0.001,4,4.25,3.151720423750121,2.5552783790581315,3.301645072681244,1.1119629093107404,1.587848344109235,6.986007192777709e-05,2.1307741636853768e-05,-16.89304507168399,3.592829996731787e-09,75.51400862158029,-6.210214689458891e-15
sim_0002_n4_seed44,44,0.001,4,4.3,3.151720423750121,2.45992325793714,3.3512246039578586,1.1530395708145804,1.7287257757965584,6.990261775824761e-05,2.23316165605284e-05,-16.893045149732128,-1.0273043844331227e-09,75.51400862158027,-6.398403013381887e-15
sim_0002_n4_seed44,44,0.001,4,4.3500000000000005,3.151720423750121,2.36798119589246,3.400271848596389,1.1963984417320006,1.8846520734326,6.993307918051236e-05,2.3604446862289552e-05,-16.89304524548711,-6.695612263977878e-09,75.51400862158029,-6.210214689458891e-15
sim_0002_n4_seed44,44,0.001,4,4.4,3.151720423750121,2.2802262772867885,3.448371537502496,1.2421698982764853,2.0534886122002862,6.99638203825959e-05,2.513494681473229e-05,-16.893045363403086,-1.3675761580024933e-08,75.51400862158027,-6.398403013381887e-15
sim_0002_n4_seed44,44,0.001,4,4.45,3.151720423750121,2.1975225626809722,3.4950111665162877,1.290328648905231,2.231032661549276,7.000957908994678e-05,2.6927861260243907e-05,-16.893045507642437,-2.2214148235564757e-08,75.51400862158026,-6.586591337304884e-15
sim_0002_n4_seed44,44,0.001,4,4.5,3.151720423750121,2.1208196268614943,3.5395642616336236,1.34057413372906,2.4107594339271308,7.008742261443834e-05,2.898152739675016e-05,-16.893045680853,-3.246751350986707e-08,75.5140086215803,-6.022026365535894e-15
sim_0002_n4_seed44,44,0.001,4,4.55,3.151720423750121,2.0511394846435094,3.581280600290968,1.3921913117487783,2.5839018090593666,7.021634958354646e-05,3.128424450791053e-05,-16.89304588235499,-4.439561697644855e-08,75.51400862158033,-5.6456497176899e-15
sim_0002_n4_seed44,44,0.001,4,4.6000000000000005,3.151720423750121,1.9895519353962792,3.619290551463797,1.4439209353261617,2.7400469389396136,7.041638499621938e-05,3.38096406579913e-05,-16.89304610594383,-5.763117278722271e-08,75.5140086215803,-6.022026365535894e-15
sim_0002_n4_seed44,44,0.001,4,4.65,3.151720423750121,1.9371359300798792,3.6526318219200387,1.493887332687648,2.868350419122026,7.070705975096322e-05,3.651181233417481e-05,-16.893046337951198,-7.136507122824327e-08,75.51400862158032,-5.833838041612897e-15
sim_0002_n4_seed44,44,0.001,4,4.7,3.151720423750121,1.8949263357949673,3.6803054403126216,1.539641983697824,2.959255164597008,7.110529512964073e-05,3.9321744802489165e-05,-16.89304655667644,-8.431272151107268e-08,75.51400862158036,-5.269273069843907e-15
sim_0002_n4_seed44,44,0.001,4,4.75,3.151720423750121,1.863848664035032,3.7013622065393075,1.5783688718993012,3.0062873420153093,7.162293249314809e-05,4.2147091036917305e-05,-16.893046734436556,-9.483540207835083e-08,75.51400862158033,-5.6456497176899e-15
sim_0002_n4_seed44,44,0.001,4,4.8,3.151720423750121,1.8446485466112348,3.7150108962816373,1.6072534013226456,3.0072624132743444,7.226440153945106e-05,4.487727157622284e-05,-16.893046842805084,-1.0125038099564771e-07,75.51400862158033,-5.6456497176899e-15
sim_0002_n4_seed44,44,0.001,4,4.8500000000000005,3.151720423750121,1.8378266970058992,3.7207279747652975,1.6239484604971648,2.9643340585636477,7.302517773317357e-05,4.7394595053448966e-05,-16.893046860017485,-1.0226928553648052e-07,75.51400862158032,-5.833838041612897e-15
sim_0002_n4_seed44,44,0.001,4,4.9,3.151720423750121,1.843591835533484,3.7183411787118192,1.6270102827793886,2.8828597555275914,7.389159681616957e-05,4.9589812882182806e-05,-16.89304677778538,-9.740147722098994e-08,75.51400862158029,-6.210214689458891e-15
sim_0002_n4_seed44,44,0.001,4,4.95,3.151720423750121,1.8618419609419667,3.7080619530375185,1.6161641066192989,2.769727890612248,7.484222888289237e-05,5.137823716793471e-05,-16.893046604308466,-8.713234507368597e-08,75.51400862158033,-5.6456497176899e-15
sim_0002_n4_seed44,44,0.001,4,5.0,3.151720423750121,1.8921783951534106,3.6904556601152314,1.5923144369078654,2.7185351893249847,7.585050636596646e-05,5.271172960508952e-05,-16.89304636189887,-7.27826767504173e-08,75.5140086215803,-6.022026365535894e-15
