model,feature,std_coef,raw_coef,C,intercept_raw
ridge,log_rel_velocity,0.28409196398477765,0.6963069913444787,0.001,0.7838403648307715
ridge,log_jerk,0.7392854827288265,0.21676346627517146,0.001,0.7838403648307715
ridge,log_acceleration,0.8933184335784775,0.42178206858851863,0.001,0.7838403648307715
ridge,log_nn_distance,-0.28857501024375126,-0.2613533639156204,0.001,0.7838403648307715
ridge,log_mass,-0.8870795563426911,-2.014621538218318,0.001,0.7838403648307715
ridge,log_mass_ratio,-1.06893558730336,-2.5697615548771044,0.001,0.7838403648307715
lasso,log_rel_velocity,0.3191508167065182,0.7822359416613288,0.001,0.6072383253456093
lasso,log_jerk,0.0,0.0,0.001,0.6072383253456093
lasso,log_acceleration,1.5704831448564562,0.7415067288687788,0.001,0.6072383253456093
lasso,log_nn_distance,0.0,0.0,0.001,0.6072383253456093
lasso,log_mass,-0.7580451948214032,-1.7215752133060445,0.001,0.6072383253456093
lasso,log_mass_ratio,-1.0381825686687836,-2.4958301356950376,0.001,0.6072383253456093
