model,features,causal,auc_mean,auc_std,ap_mean,ap_std,w_auc_mean,w_auc_std,w_ap_mean,w_ap_std
logistic,rv_only,True,0.600323238454928,0.14771004676021324,0.3191891635382572,0.28295928097853695,0.6943573351322648,0.16288046056763053,0.1785761222048144,0.2725306084037771
logistic,jerk_only,True,0.7983896585260992,0.05587180680907417,0.33942283763829917,0.176672796852522,0.8685157945723543,0.06355673488846236,0.07955237900740679,0.09169427410504474
logistic,jerk+rv,True,0.6929307596953594,0.14860481828110325,0.25757482683064914,0.13668861716046757,0.7580799859971419,0.1857234847104693,0.0480799536324664,0.08206012162630283
ridge,continuous,True,0.7435182992908373,0.17393008019274925,0.3035358809547179,0.15052867251170873,0.7907272462287274,0.2018253744196841,0.05581039410279287,0.09225421894791071
lasso,continuous,True,0.7402676445133363,0.1716066181988877,0.2988523192320294,0.1498878807777755,0.7888045966409203,0.20007030819435742,0.05471862964138783,0.09085186432917434
gbt,rv_only,True,0.4366961194787587,0.15767838537882692,0.18130520166399255,0.13380111599192748,0.47869524253134677,0.13190886912640654,0.01646781206194666,0.012860240586870375
gbt,continuous,True,0.8998664118449845,0.052775624059036914,0.5611373146871624,0.1461464032749288,0.9376664548590234,0.018270828670770654,0.08857153868627018,0.08247566379608533
ridge,all*,False,0.8093291342566488,0.10042829815230371,0.36783558513898756,0.24501340458189966,0.8410319610669618,0.11524146113119811,0.0976889252555519,0.16468313686309238
gbt,rv+flags*,False,0.7148954801614679,0.17809247627758734,0.31146551193857286,0.19041983661868253,0.7446928229684946,0.15803685106351456,0.031321990004349355,0.03117058060385712
gbt,all*,False,0.8869483551119247,0.05154459047388096,0.4920721981408788,0.12930688641420598,0.9155456819481012,0.03353699389781684,0.0589339804085068,0.05580421948066414
