situation,n_active,n_active_corrections,n_active_negatives,pct_of_corrections_with_it,pct_of_negatives_with_it,p_correction_if_on,p_correction_if_off,lift,univariate_weight,weight,weight_fold_std,fold_sign_agreement,rare
ejection_escape,160776,11937,148839,40.639362680012255,26.829584845256573,0.01041503981656547,0.003956933961686095,2.632098467503234,0.9742991798670276,6.835768644523713,0.7822650292498567,1.0,False
involved_in_hierarchical_tight_pair,237565,26453,211112,90.05889762707248,38.05486005584427,0.01303781029056973,0.000828691337451059,15.73301143785604,2.767903233323963,4.611409113953447,0.8213415017485276,1.0,False
near_collision,246574,28847,217727,98.20923977802744,39.24727403169316,0.014764002182331102,0.0001461639331325015,101.00988572158319,4.629013383742553,4.3797363546774335,0.6988026455168135,1.0,False
hierarchical_configuration,478265,26577,451688,90.4810540292105,81.42087436481198,0.006467189664566093,0.001937549374246393,3.337819283744187,1.2097066752508567,-2.5396773776756945,0.5725870178699002,1.0,False
rapid_approach,102287,1219,101068,4.150069791985837,18.218427167210148,0.0013453231534639588,0.006059222149454931,0.22202901961351262,-1.5092867269139854,-2.1625882514276555,0.23503135527154848,1.0,False
strong_mass_ratio_interaction,155238,24779,130459,84.35978619820924,23.516422505709706,0.024534975137284566,0.0010113090949355956,24.260609600121374,3.2125941324187495,2.1377791943399798,0.36769006849618296,1.0,False
acceleration_spike,76636,13434,63202,45.735879889694615,11.392735918609409,0.023107725968584226,0.0032062622995734035,7.207060374211658,1.9952337044233555,1.4949214061977172,0.18289806177994167,1.0,False
involved_in_closest_pair_switch,2850,743,2107,2.529533925714091,0.37980593304816346,0.04885907805615835,0.005170328275212439,9.449898624502875,2.291534097632237,1.0325234462407211,0.33727446793356136,1.0,False
closest_pair_switch,3868,743,3125,2.529533925714091,0.5633097013647417,0.03642692552826396,0.005175178808483317,7.038776219393964,1.9839825656280037,0.9224416472501432,0.31465110055998297,1.0,False
temporary_capture,31991,1040,30951,3.5406665985769243,5.579199541420838,0.0029001026190157496,0.0054549847756001435,0.5316426604869282,-0.6338876025634612,0.8706609637665284,0.32709815847743773,1.0,False
chaotic_scattering,175648,10089,165559,34.34787049331018,29.843517071438487,0.006258921708575821,0.004893628791712196,1.2789939684791523,0.24747020102005418,0.40275627943506087,0.192706299738938,1.0,False
close_encounter,331931,29273,302658,99.65955128859838,54.55686003060799,0.010017946267970224,3.801534071059035e-05,263.5237796298223,5.57920361285121,0.3190472477862371,0.48628449355607195,0.4,False
rapid_separation,49262,5068,44194,17.253940693834473,7.966370861476286,0.012142237640936688,0.0047330311437538694,2.5654252575457206,0.9496735135831839,-0.2541128448160426,0.28170520466131255,0.6,False
high_relative_velocity_encounter,92971,17719,75252,60.32410717325435,13.564858127071853,0.024472506239322022,0.002413568004877669,10.139555293186115,2.33878930119933,-0.24164140520825275,0.2689731123063023,0.6,False
quiescent_regime,4866,0,4866,0.0,0.8771408021890665,0.0,0.005336264799945934,0.0,-6.247600544297203,-0.16507218374445298,0.02430625081234486,1.0,False
strong_acceleration,74351,8902,65449,30.306744288972865,11.797778126278713,0.015034749491213403,0.00412682003629489,3.643180308078515,1.303901554385304,-0.04964243007188113,0.33379876881134757,0.4,False
high_jerk,76555,10650,65905,36.25778776427331,11.879976277901855,0.01798205846448417,0.003774557911229849,4.764017108065815,1.575474727445137,0.04327875317470273,0.26492195814282765,0.4,False
near_symmetric_configuration,497,0,497,0.0,0.08958877490504852,0.0,0.005296339317687678,0.0,-4.2627353910739085,-0.042343298036439464,0.006443278986229473,1.0,False
