simulation_id,n_bodies,n_samples,n_steps,n_ias15_steps,ias15_fraction,n_switches,n_rewinds,n_rewound_steps,n_resyncs,n_stretches,n_false_positive_stretches,max_energy_drift,final_energy_drift,max_momentum_drift,wall_s,cpu_s,per_body_mismatch
sim_0000_n3_seed956,3,4001,200000,160662,0.80331,236,118,21119,119,0,0,8.66447005788192e-07,8.66447005788192e-07,1.793398112140115e-13,33.594673100000364,33.484375,2.0572514207395365e-05
sim_0001_n3_seed957,3,4001,200000,13343,0.066715,30,15,2713,67,0,0,5.289830431594111e-06,2.4044116069879866e-07,1.048754736959407e-13,50.567248699999254,50.375,1.0301820960290087e-05
sim_0002_n3_seed958,3,4001,200000,15269,0.076345,45,23,4125,239,0,0,2.7271093344202273e-06,2.2625915665964266e-08,2.8954718799023437e-13,50.88248440000007,50.78125,7.639019856009455e-06
sim_0003_n3_seed959,3,4001,200000,513,0.002565,2,1,198,1305,0,0,1.5131903594913616e-05,5.618744562884181e-08,1.2841162599993445e-13,51.599766100000124,51.484375,1.3668558815904674e-06
sim_0004_n3_seed960,3,4001,200000,21766,0.10883,20,10,1795,19,0,0,3.7459645419875827e-07,2.212923301702895e-09,4.859672605980197e-13,47.296950599999946,47.234375,7.578992289314357e-07
sim_0005_n3_seed961,3,4001,200000,0,0.0,0,0,0,4707,0,0,1.2919920234598286e-06,1.1475311237778935e-08,1.7795334844190406e-12,51.135913099999925,51.046875,1.456953774847669e-07
sim_0006_n3_seed962,3,4001,200000,85821,0.429105,101,51,9253,55,0,0,2.2023021175145873e-07,9.718345562618491e-14,5.974366534429056e-14,40.67675369999961,40.59375,0.0027530469532969226
sim_0007_n3_seed963,3,4001,200000,8793,0.043965,12,6,1073,20,0,0,3.760317067656504e-07,1.294417628005823e-09,1.822786689173235e-13,50.39711800000077,50.296875,1.4630329001286135e-05
sim_0008_n3_seed964,3,4001,200000,186877,0.934385,11,6,912,16,0,0,7.239861504017923e-07,1.3823334921217202e-14,1.222888597890046e-14,24.207646300000306,24.1875,1.3659257824816251e-06
sim_0009_n3_seed965,3,4001,200000,192800,0.964,1,1,190,1,0,0,3.428149192303594e-08,6.711008190378651e-14,1.6203137318133924e-14,23.421475400000418,23.359375,2.8306429797786414e-05
sim_0010_n3_seed966,3,4001,200000,1745,0.008725,12,6,1075,762,0,0,3.732943541723963e-05,1.2228409495430523e-07,1.9211880146824751e-13,50.99218230000042,50.90625,1.6877917058399916e-06
sim_0011_n3_seed967,3,4001,200000,142560,0.7128,1,1,162,157,0,0,8.619727451981829e-07,8.350342920657473e-15,4.717931269660933e-14,29.978637500000332,29.921875,3.1278536519185884e-07
sim_0012_n3_seed968,3,4001,200000,0,0.0,0,0,0,1058,0,0,8.929936778410049e-06,4.339641003089424e-07,5.0159626739954755e-12,49.64087169999948,49.53125,2.0598401087590368e-07
sim_0013_n3_seed969,3,4001,200000,9645,0.048225,64,32,5703,862,0,0,1.0752152355320024e-05,7.539542629454449e-08,1.0722680959439618e-13,51.384720000000016,51.171875,1.3488198371824911e-05
sim_0014_n3_seed970,3,4001,200000,0,0.0,0,0,0,3888,0,0,1.5270134938002582e-06,3.809400536678528e-08,1.368307579750235e-13,51.638350700000046,51.515625,1.4620253152575202e-07
sim_0015_n3_seed971,3,4001,200000,132652,0.66326,21,11,1997,11,0,0,1.632769700620115e-07,7.23553795778755e-14,6.095323369897441e-14,31.496242600000187,31.421875,1.8796919554198155e-06
sim_0016_n3_seed972,3,4001,200000,164787,0.823935,317,159,28505,318,0,0,8.288915124129416e-07,7.75136416060941e-15,6.498913815926154e-14,37.72302010000021,37.625,7.963899904506189e-05
sim_0017_n3_seed973,3,4001,200000,6811,0.034055,20,10,1780,76,0,0,4.493677794639681e-06,1.571674827627274e-08,2.148293267431472e-13,51.33617210000011,51.15625,2.6216053713778997e-05
sim_0018_n3_seed974,3,4001,200000,199840,0.9992,1,1,161,2,0,0,3.5982747936419495e-08,8.159515427744123e-16,1.0701443189800906e-14,25.334719600000426,25.28125,8.479709931452639e-07
sim_0019_n3_seed975,3,4001,200000,37766,0.18883,54,27,4918,55,0,0,5.42422678819228e-07,2.8354620658409665e-09,1.1084642663042607e-13,49.03464769999937,48.84375,1.2904814281955446e-05
sim_0020_n3_seed976,3,4001,200000,13258,0.06629,68,34,6128,229,0,0,6.790964938171044e-06,4.8835390793907265e-08,1.4753717262416154e-13,49.16935579999972,49.140625,1.4664159151855927e-05
sim_0021_n3_seed977,3,4001,200000,28200,0.141,94,47,8434,337,0,0,3.0387442416947763e-06,1.1790181105101446e-09,8.489995223429297e-14,47.597524599999815,47.515625,0.0003014467819388855
sim_0022_n3_seed978,3,4001,200000,13538,0.06769,30,15,2652,173,0,0,1.237509829513261e-06,7.017651554910024e-09,6.926015223503849e-14,45.9970828000005,45.890625,1.5374223161224165e-06
sim_0023_n3_seed979,3,4001,200000,107621,0.538105,322,161,28825,321,0,0,7.856579210698483e-07,3.346502310806262e-08,3.328784219300915e-11,40.53378860000066,40.40625,1.0800184467862906e-06
sim_0024_n3_seed980,3,4001,200000,2934,0.01467,10,5,889,119,0,0,5.053765634213676e-06,5.035478573129583e-08,1.798053085815213e-13,46.771328199999516,46.6875,2.454344893321192e-06
sim_0025_n3_seed981,3,4001,200000,8005,0.040025,22,11,2006,86,0,0,7.33034394619044e-06,8.416558678580666e-07,6.136675274967823e-14,45.64081200000055,45.5625,9.375379326215239e-06
sim_0026_n3_seed982,3,4001,200000,21994,0.10997,50,25,4488,98,0,0,1.90856184298794e-06,1.0877949528528778e-08,9.753149915687721e-14,45.68330370000058,45.609375,1.063671510881381e-05
sim_0027_n3_seed983,3,4001,200000,198223,0.991115,15,8,1494,8,0,0,1.3891598441505103e-07,5.7423302699450814e-15,1.1105533912217755e-14,24.12873220000074,24.109375,4.9489788539469615e-06
sim_0028_n3_seed984,3,4001,200000,45732,0.22866,41,21,3764,37,0,0,7.28454273814073e-07,1.732771423995748e-13,3.125237024307437e-13,41.92924649999986,41.8125,7.209289913934214e-07
sim_0029_n3_seed985,3,4001,200000,0,0.0,0,0,0,76,0,0,3.331046827496998e-07,2.856678047792049e-08,1.0023454305876731e-13,45.79859159999978,45.71875,6.0923488476305465e-15
sim_0030_n3_seed986,3,4001,200000,35445,0.177225,26,13,2340,27,0,0,5.92592940973343e-07,4.738163332219942e-09,1.5247733988789264e-13,42.35064659999989,42.265625,4.5365588816626e-06
sim_0031_n3_seed987,3,4001,200000,38745,0.193725,120,60,10914,440,0,0,2.394928020077981e-06,3.4308962063839606e-07,2.29819371520519e-13,45.59860410000056,45.5625,2.1736855692400248e-05
